{"name":"9638cad7-8ab3-4d3e-9ee4-5b2f43726315","id":"/providers/Microsoft.Flow/flows/9638cad7-8ab3-4d3e-9ee4-5b2f43726315","type":"Microsoft.Flow/flows","properties":{"apiId":"/providers/Microsoft.PowerApps/apis/shared_logicflows","displayName":"Update SAP data via Steampunk from Excel","definition":{"metadata":{"workflowEntityId":null,"processAdvisorMetadata":null,"flowChargedByPaygo":null,"flowclientsuspensionreason":"None","flowclientsuspensiontime":null,"flowclientsuspensionreasondetails":null,"creator":{"id":"b76fc279-2a06-479d-8967-3cef2e443b31","type":"User","tenantId":"94226edf-ea13-4d46-9802-ae70bbf95922"},"provisioningMethod":"FromDefinition","failureAlertSubscription":true,"clientLastModifiedTime":"2023-06-20T14:12:31.2927788Z"},"$schema":"https://schema.management.azure.com/providers/Microsoft.Logic/schemas/2016-06-01/workflowdefinition.json#","contentVersion":"1.0.0.0","parameters":{"$connections":{"defaultValue":{},"type":"Object"},"$authentication":{"defaultValue":{},"type":"SecureObject"},"excel.source":{"defaultValue":"","type":"String"},"excel.drive":{"defaultValue":"","type":"String"},"excel.file":{"defaultValue":"","type":"String"},"excel.table":{"defaultValue":"","type":"String"}},"triggers":{"manual":{"splitOn":"@triggerBody()['rows']","metadata":{"01ZQ4JXD547GN73GZDERG37VOSLUL3FV3D":"/test.xlsx","operationMetadataId":"daffbe01-1f81-4332-bb6a-36317b3de581","tableId":"{4CDBCC87-EF20-466C-B4AA-A712CDC01ECE}"},"type":"Request","kind":"ApiConnection","inputs":{"schema":{"type":"object","properties":{"rows":{"type":"array","items":{"type":"object","properties":{"entity":{"type":"object","properties":{"TravelUUID_Formatted":{"title":"TravelUUID (Formatted)","type":"string"}},"required":[]}},"required":[]}}},"required":[]},"headersSchema":{"x-ms-user-email-encoded":{"title":"User email","type":"string","format":"byte","x-ms-dynamically-added":false}},"host":{"connection":{"name":"@parameters('$connections')['shared_excelonlinebusiness']['connectionId']"},"api":{"runtimeUrl":"https://flow-apim-unitedstates-002-westus-01.azure-apim.net/apim/excelonlinebusiness"}},"operationId":"GetRawAndFormattedTableSchema","parameters":{"source":"me","drive":"b!zQ_O54DUMU-KUP19ZOuzx9LZz7d6f5pApe0TMYEk6acTQi1xkzeyTLiyXHeV2S2T","file":"01ZQ4JXD547GN73GZDERG37VOSLUL3FV3D","table":"{4CDBCC87-EF20-466C-B4AA-A712CDC01ECE}","formattedPostfix":"Formatted"}}}},"actions":{"Get_CSRF_token_and_ETag_for_selected_TravelProcessor":{"runAfter":{"Get_entire_row_by_key":["Succeeded"]},"metadata":{"operationMetadataId":"5667c6b8-6f91-4c37-ac9b-207ffe40c473"},"type":"Http","inputs":{"method":"GET","uri":"https://95dd8c1f-9cd4-4de9-b928-0b89cd0c49b3.abap.eu10.hana.ondemand.com/sap/opu/odata/sap/ZUI_C_TRAVEL_M_100/TravelProcessor(guid'@{triggerBody()?['entity']?['TravelUUID_Formatted']}')?$format=json","headers":{"X-CSRF-Token":"Fetch"},"authentication":{"type":"Basic","username":"EXCELODATAUSER","password":""}}},"Update_TravelProcessor_with_selected_fields_from_Excel":{"runAfter":{"Select_fields_to_be_updated":["Succeeded"]},"metadata":{"operationMetadataId":"18ed43dd-5ea5-414f-8a2d-cdc403cea593"},"type":"Http","inputs":{"method":"PATCH","uri":"https://95dd8c1f-9cd4-4de9-b928-0b89cd0c49b3.abap.eu10.hana.ondemand.com/sap/opu/odata/sap/ZUI_C_TRAVEL_M_100/TravelProcessor(guid'@{triggerBody()?['entity']?['TravelUUID_Formatted']}')","headers":{"X-CSRF-Token":"@{outputs('Get_CSRF_token_and_ETag_for_selected_TravelProcessor')['headers']?['x-csrf-token']}","If-Match":"@{outputs('Get_CSRF_token_and_ETag_for_selected_TravelProcessor')['headers']?['etag']}","Content-Type":"application/json"},"cookie":"@{replace(outputs('Get_CSRF_token_and_ETag_for_selected_TravelProcessor')['headers']?['Set-Cookie'],',',';')}","body":"@variables('selectedFields')","authentication":{"type":"Basic","username":"EXCELODATAUSER","password":""}}},"Select_fields_to_be_updated":{"runAfter":{"Parse_JSON":["Succeeded"]},"metadata":{"operationMetadataId":"a12eb9f2-c26c-4439-b5c8-f8f8cf2037db"},"type":"InitializeVariable","inputs":{"variables":[{"name":"selectedFields","type":"string","value":"{\"TotalPrice\":\"@{outputs('Get_entire_row_by_key')?['body/TotalPrice']}\",\"Description\":\"@{outputs('Get_entire_row_by_key')?['body/Description']}\"}"}]}},"Get_entire_row_by_key":{"runAfter":{},"metadata":{"01ZQ4JXD547GN73GZDERG37VOSLUL3FV3D":"/test.xlsx","operationMetadataId":"e9fb620c-c670-4729-85c3-9783e05d4d24","tableId":"{4CDBCC87-EF20-466C-B4AA-A712CDC01ECE}"},"type":"OpenApiConnection","inputs":{"host":{"apiId":"/providers/Microsoft.PowerApps/apis/shared_excelonlinebusiness","connectionName":"shared_excelonlinebusiness","operationId":"GetItem"},"parameters":{"source":"me","drive":"b!zQ_O54DUMU-KUP19ZOuzx9LZz7d6f5pApe0TMYEk6acTQi1xkzeyTLiyXHeV2S2T","file":"01ZQ4JXD547GN73GZDERG37VOSLUL3FV3D","table":"{4CDBCC87-EF20-466C-B4AA-A712CDC01ECE}","idColumn":"TravelUUID","id":"@triggerBody()?['entity']?['TravelUUID_Formatted']","dateTimeFormat":"ISO 8601"},"authentication":{"value":"@json(decodeBase64(triggerOutputs().headers['X-MS-APIM-Tokens']))['$ConnectionKey']","type":"Raw"}}},"Post_success_message_in_chat_with_flow_bot":{"runAfter":{"Update_TravelProcessor_with_selected_fields_from_Excel":["Succeeded"]},"metadata":{"operationMetadataId":"40c7ae54-ac6c-425c-a366-7a86987a67d0"},"type":"OpenApiConnection","inputs":{"host":{"apiId":"/providers/Microsoft.PowerApps/apis/shared_teams","connectionName":"shared_teams","operationId":"PostMessageToConversation"},"parameters":{"poster":"Flow bot","location":"Chat with Flow bot","body/recipient":"@{triggerOutputs()['headers']['x-ms-user-email-encoded']};","body/messageBody":"<p>SAP data for TravelUUID @{outputs('Get_entire_row_by_key')?['body/TravelUUID']} updated via SAP Steampunk :-)<br>\n<br>\nold price: @{body('Parse_JSON')?['d']?['TotalPrice']} @{body('Parse_JSON')?['d']?['CurrencyCode']}&nbsp;vs. new price: @{outputs('Get_entire_row_by_key')?['body/TotalPrice']} @{outputs('Get_entire_row_by_key')?['body/CurrencyCode']}<br>\nold description: \"@{body('Parse_JSON')?['d']?['Description']}\" vs. new description: \"@{outputs('Get_entire_row_by_key')?['body/Description']}\"</p>","body/isAlert":true},"authentication":{"value":"@json(decodeBase64(triggerOutputs().headers['X-MS-APIM-Tokens']))['$ConnectionKey']","type":"Raw"}}},"Post_error_message_in_chat_with_flow_bot":{"runAfter":{"Update_TravelProcessor_with_selected_fields_from_Excel":["Failed","Skipped","TimedOut"]},"metadata":{"operationMetadataId":"2f131cef-6c4e-463b-ac01-efd09123312e"},"type":"OpenApiConnection","inputs":{"host":{"apiId":"/providers/Microsoft.PowerApps/apis/shared_teams","connectionName":"shared_teams","operationId":"PostMessageToConversation"},"parameters":{"poster":"Flow bot","location":"Chat with Flow bot","body/recipient":"@{triggerOutputs()['headers']['x-ms-user-email-encoded']};","body/messageBody":"<p>Update of TravelUUID @{outputs('Get_entire_row_by_key')?['body/TravelUUID']} via SAP Steampunk failed!</p>","body/isAlert":true},"authentication":{"value":"@json(decodeBase64(triggerOutputs().headers['X-MS-APIM-Tokens']))['$ConnectionKey']","type":"Raw"}}},"Parse_JSON":{"runAfter":{"Get_CSRF_token_and_ETag_for_selected_TravelProcessor":["Succeeded"]},"metadata":{"operationMetadataId":"e736169c-1653-4e6f-81f6-571aaa67c903"},"type":"ParseJson","inputs":{"content":"@body('Get_CSRF_token_and_ETag_for_selected_TravelProcessor')","schema":{"type":"object","properties":{"d":{"type":"object","properties":{"__metadata":{"type":"object","properties":{"id":{"type":"string"},"uri":{"type":"string"},"type":{"type":"string"},"etag":{"type":"string"}}},"TravelUUID":{"type":"string"},"TravelID":{"type":"string"},"AgencyID":{"type":"string"},"AgencyName":{"type":"string"},"CustomerID":{"type":"string"},"CustomerName":{"type":"string"},"BeginDate":{"type":"string"},"EndDate":{"type":"string"},"TotalPrice":{"type":"string"},"CurrencyCode":{"type":"string"},"TravelStatus":{"type":"string"},"Description":{"type":"string"},"LastChangedAt":{"type":"string"}}}}}}}},"outputs":{},"description":"Update SAP RAP business objetcs via OData triggered from Excel. Learn more about the scenario from the blog series: \n\nhttps://blogs.sap.com/2023/06/06/kick-start-your-sap-abap-platform-integration-journey-with-microsoft/\n\n-----\nTo trigger the flow, select a row inside your table, go to the Data tab in the Excel ribbon, and select Flow."},"connectionReferences":{"shared_excelonlinebusiness":{"connectionName":"shared-excelonlinebu-44b098b0-4ec7-4fd2-9050-d12707cec2a9","source":"Invoker","id":"/providers/Microsoft.PowerApps/apis/shared_excelonlinebusiness","tier":"NotSpecified"},"shared_teams":{"connectionName":"shared-teams-92bb304b-ecea-439c-bd43-7149-de621bba","source":"Invoker","id":"/providers/Microsoft.PowerApps/apis/shared_teams","tier":"NotSpecified"}},"flowFailureAlertSubscribed":false,"isManaged":false}}